start_time,end_time,expected_time,subject
1723803546.023008,1725619518.568702,10.0,chinese
1723806033.797409,0.0,10.0,eng
1723806680.081485,1725619518.568702,10.0,chinese
1723806705.224894,1725617891.647616,45.0,math
1723807153.5081651,1725619518.568702,0.01,chinese
1725617888.636535,1725617891.647616,9.0,math
1725619411.2450318,1725619518.568702,90.0,chinese
1725619414.271308,1725619518.568702,90.0,chinese
1725619502.1745589,1725619518.568702,90.0,chinese
1725619570.905659,1725620126.7088351,90.0,chinese
1725620134.659509,1725620137.5122502,0.055,chinese
1725620138.630656,1725620139.094784,0.055,chinese
1725620956.940201,1725621189.061435,5.0,chinese
1725621194.261496,1725621199.842429,0.07,chinese
1725621201.185472,1725621211.501069,0.07,chinese
1725621212.803969,1726226472.724823,0.07,chinese
1725621322.949774,1725621326.588599,6.0,econ
1725621332.649737,1725621344.276476,0.01,m2
1726226407.789998,1726226408.882074,0.01,econ
1726226423.347956,1726226440.820151,0.02,math
1726226442.080346,1726226442.715519,5.0,math
1726226453.211095,1726226459.649454,5.0,math
1726226475.417301,1726226475.6953092,1.0,chinese
